{
  "feature_columns": [
    "step",
    "amount",
    "oldbalanceOrg",
    "newbalanceOrig",
    "oldbalanceDest",
    "newbalanceDest",
    "isFlaggedFraud",
    "type_CASH_IN",
    "type_CASH_OUT",
    "type_DEBIT",
    "type_PAYMENT",
    "type_TRANSFER"
  ],
  "train_shape": [
    206570,
    12
  ],
  "test_shape": [
    51643,
    12
  ],
  "feature_stats": {
    "step": {
      "mean": 247.25419711633418,
      "std": 146.9093985881132,
      "min": 1.0,
      "max": 743.0
    },
    "amount": {
      "mean": 220369.92365667105,
      "std": 760918.2490499575,
      "min": 0.0,
      "max": 69886731.3
    },
    "oldbalanceOrg": {
      "mean": 851496.4086422065,
      "std": 2893463.4421134708,
      "min": 0.0,
      "max": 59585040.37
    },
    "newbalanceOrig": {
      "mean": 827378.4670649038,
      "std": 2880626.885210566,
      "min": 0.0,
      "max": 49585040.37
    },
    "oldbalanceDest": {
      "mean": 1090668.810936436,
      "std": 3551131.994276574,
      "min": 0.0,
      "max": 355185537.06
    },
    "newbalanceDest": {
      "mean": 1234662.030329108,
      "std": 3825377.338949356,
      "min": 0.0,
      "max": 355380483.53
    },
    "isFlaggedFraud": {
      "mean": 6.196434726369315e-05,
      "std": 0.007871514952230705,
      "min": 0.0,
      "max": 1.0
    },
    "type_CASH_IN": {
      "mean": 0.21154240878654446,
      "std": 0.40840282078116835,
      "min": 0.0,
      "max": 1.0
    },
    "type_CASH_OUT": {
      "mean": 0.3563685794286113,
      "std": 0.4789268246045413,
      "min": 0.0,
      "max": 1.0
    },
    "type_DEBIT": {
      "mean": 0.006409437170088261,
      "std": 0.07980213624043213,
      "min": 0.0,
      "max": 1.0
    },
    "type_PAYMENT": {
      "mean": 0.32853496919210107,
      "std": 0.4696813787513811,
      "min": 0.0,
      "max": 1.0
    },
    "type_TRANSFER": {
      "mean": 0.09714460542265493,
      "std": 0.29615514638866497,
      "min": 0.0,
      "max": 1.0
    }
  }
}